{
  "_note": "Frozen expected outputs for the deployed artifacts; predict path verified by verify_wiring.py & verify_api_match.py. Regenerate on intentional model update.",
  "input": {
    "TEMP": 22.0,
    "TP": 40.0,
    "SI": 0.3,
    "NO23": 0.5,
    "STN_DEPTH_M": 15.0,
    "DOY": 210
  },
  "tolerance": {
    "atol": 0.0001,
    "rtol": 0.001
  },
  "groups": {
    "EDIAT": {
      "pred_mgL": 6.406451911468839,
      "lower_mgL": 0.008898996441102591,
      "upper_mgL": 7.481744471766104,
      "base_val": 0.2704463005065918,
      "shap": {
        "TEMP": {
          "value": 22.0,
          "shap": -0.022029809653759003
        },
        "TP": {
          "value": 40.0,
          "shap": 1.2058333158493042
        },
        "SI": {
          "value": 0.3,
          "shap": 0.24787892401218414
        },
        "NO23": {
          "value": 0.5,
          "shap": 0.2592688202857971
        },
        "STN_DEPTH_M": {
          "value": 15.0,
          "shap": 0.0183210801333189
        },
        "DOY_sin": {
          "value": -0.455906693508459,
          "shap": 0.07400745153427124
        },
        "DOY_cos": {
          "value": -0.8900275764346766,
          "shap": 0.031370870769023895
        },
        "NP_ratio": {
          "value": 0.0125,
          "shap": -0.10016626864671707
        }
      }
    },
    "LDIAT": {
      "pred_mgL": 0.5126826668408653,
      "lower_mgL": 0.0017763276181654852,
      "upper_mgL": 1.4928166326699812,
      "base_val": 0.07863718271255493,
      "shap": {
        "TEMP": {
          "value": 22.0,
          "shap": 0.025196941569447517
        },
        "TP": {
          "value": 40.0,
          "shap": 0.08302003145217896
        },
        "SI": {
          "value": 0.3,
          "shap": 0.07498007267713547
        },
        "NO23": {
          "value": 0.5,
          "shap": -0.0361877866089344
        },
        "STN_DEPTH_M": {
          "value": 15.0,
          "shap": 0.17962884902954102
        },
        "DOY_sin": {
          "value": -0.455906693508459,
          "shap": 0.009330691769719124
        },
        "DOY_cos": {
          "value": -0.8900275764346766,
          "shap": 0.024875415489077568
        },
        "NP_ratio": {
          "value": 0.0125,
          "shap": -0.03581561893224716
        }
      }
    },
    "CHLOR": {
      "pred_mgL": 1.515519674646633,
      "lower_mgL": 0.0,
      "upper_mgL": 9.72666915842841,
      "base_val": 0.20084413886070251,
      "shap": {
        "TEMP": {
          "value": 22.0,
          "shap": 0.1154060810804367
        },
        "TP": {
          "value": 40.0,
          "shap": 0.19557654857635498
        },
        "SI": {
          "value": 0.3,
          "shap": 0.0928516611456871
        },
        "NO23": {
          "value": 0.5,
          "shap": 0.12724557518959045
        },
        "STN_DEPTH_M": {
          "value": 15.0,
          "shap": 0.0886072963476181
        },
        "DOY_sin": {
          "value": -0.455906693508459,
          "shap": -0.06475009769201279
        },
        "DOY_cos": {
          "value": -0.8900275764346766,
          "shap": 0.10508881509304047
        },
        "NP_ratio": {
          "value": 0.0125,
          "shap": 0.022213932126760483
        }
      }
    },
    "CRYPT": {
      "pred_mgL": 0.9224804610847308,
      "lower_mgL": 0.04319927148243741,
      "upper_mgL": 2.201480114113571,
      "base_val": 0.21096201241016388,
      "shap": {
        "TEMP": {
          "value": 22.0,
          "shap": -0.00605354830622673
        },
        "TP": {
          "value": 40.0,
          "shap": 0.07735124975442886
        },
        "SI": {
          "value": 0.3,
          "shap": 0.0592445507645607
        },
        "NO23": {
          "value": 0.5,
          "shap": 0.057036370038986206
        },
        "STN_DEPTH_M": {
          "value": 15.0,
          "shap": 0.11622575670480728
        },
        "DOY_sin": {
          "value": -0.455906693508459,
          "shap": -0.00045317807234823704
        },
        "DOY_cos": {
          "value": -0.8900275764346766,
          "shap": 0.09470845013856888
        },
        "NP_ratio": {
          "value": 0.0125,
          "shap": 0.024192390963435173
        }
      }
    },
    "CYANO": {
      "pred_mgL": 1.4289189651985708,
      "lower_mgL": 0.01866489553242956,
      "upper_mgL": 2.3885006865583067,
      "base_val": 0.18157970905303955,
      "shap": {
        "TEMP": {
          "value": 22.0,
          "shap": 0.1618061661720276
        },
        "TP": {
          "value": 40.0,
          "shap": 0.2730865180492401
        },
        "SI": {
          "value": 0.3,
          "shap": 0.05234701186418533
        },
        "NO23": {
          "value": 0.5,
          "shap": 0.058154840022325516
        },
        "STN_DEPTH_M": {
          "value": 15.0,
          "shap": 0.13647016882896423
        },
        "DOY_sin": {
          "value": -0.455906693508459,
          "shap": -0.17396770417690277
        },
        "DOY_cos": {
          "value": -0.8900275764346766,
          "shap": 0.039943877607584
        },
        "NP_ratio": {
          "value": 0.0125,
          "shap": 0.14299330115318298
        }
      }
    }
  }
}